Performance,Mean,STD,Variance,MAX,MIN
R_Score,0.996692578554,1.11022302463e-16,1.23259516441e-32,0.996692578554,0.996692578554
