{"header": ["D", "N"], "fiabilidad": [100.0, 92.857142857142861], "matrix": [[96.969696969696969, 3.0303030303030303], [0.0, 100.0]], "bakanosidad": [96.969696969696969, 100.0]}