{"Recall": 0.9285714285714286, "Accuracy": 0.97826086956521741, "Precision": 1.0, "F1": 0.96296296296296302}