{"Recall": 0.98666666666666669, "Accuracy": 0.98666666666666669, "Precision": 0.98666666666666669, "F1": 0.9866666666666668}