{"Recall": 0.98928571428571421, "F1": 0.5859999999997999, "Precision": 0.64555555555560007, "Accuracy": 0.87888888888899996}