{"Recall": 0.65000000000000002, "F1": 0.56999999999999995, "Precision": 0.48666666666699998, "Accuracy": 0.81055555555600001}