{"Spearman": 0.99834432774100001, "R_Score": 0.99669257855399984, "Pearson": 0.99834491963200012, "Kendalltau": 0.98749758353700001}