{"Spearman": 0.5961478007070582, "R_Score": 0.70112096744221697, "Pearson": 0.86555140054935065, "Kendalltau": 0.44641445130290519}