{"Spearman": 0.99943776272230145, "R_Score": 0.99901557732960389, "Pearson": 0.99991421463289132, "Kendalltau": 0.98807015768083273}