{"real": [1.00925, -0.20554, 0.79501999999999995, 0.40510000000000002, -0.48627500000000001, 0.42953999999999998, -0.91178999999999999, -0.0059800000000000001, 1.0386500000000001, -0.43889499999999998, 0.86876000000000009, 0.41020000000000001, 0.19108, 0.33979999999999999, -0.492925, 0.17762999999999998, 0.40834999999999999, 1.63663, 0.802705, 0.52033999999999991, -0.17733499999999999, 2.0064000000000002, 0.59904999999999997, -0.040039999999999999, 0.14960999999999999, 1.2115750000000001, -0.19985999999999998, 0.050000000000000003, 0.099849999999999994, 0.30701000000000001, 0.42953999999999998, 0.41020000000000001, 0.37994, 1.2079799999999998, -0.20979499999999998, -0.59419500000000003, 0.10395, 0.59389999999999998, -0.04999, 0.27010000000000001, 0.19991, 0.23810000000000001, 0.051189999999999999, 1.7203950000000001, 0.28906999999999999, 2.4115000000000002, 0.52112499999999995, 0.33979999999999999, 0.32392500000000002, 0.11015, 0.19991, 0.12762999999999999, 0.40834999999999999, -0.04999, -0.19985999999999998, -0.04999, 1.95245, 0.0, 0.86876000000000009, 0.19955999999999999, 0.32392500000000002, 0.0, 0.0, 0.990815, 1.5238366666700001, -0.04614, 0.52983000000000002, 1.4572725, -0.079020000000000007, 0.78220000000000001, 0.17760000000000001, -0.19061, 0.83722999999999992, 0.082710000000000006, -0.079020000000000007, 0.19911999999999999, -0.079020000000000007, -0.062350000000000003, 0.1079, -0.041005, -0.014980000000000002, 1.36154, 1.5024825000000002, 0.58779999999999999, 2.1520999999999999, 0.14377000000000001, 0.042799999999999998, 0.087013333333299997, -0.012556666666700002, 0.0, 0.23995, 0.19911999999999999, 0.69127666666700005, 0.078285000000000007, -0.25493000000000005, 0.29858666666700001, 0.25935999999999998, 2.9629599999999998, -0.14511250000000001, -0.41020000000000001, -0.030349999999999999, 0.012383333333299999, 0.89307000000000003, 0.26882, 1.6774875, 0.52098999999999995, 0.99927999999999995, 0.59899333333299998, 0.55796999999999997, 0.056399999999999999, -0.19030999999999998, -0.014980000000000002, -0.13309000000000001, -0.50638000000000005, -0.0288075, 0.25123000000000001, 0.031914999999999999, 0.069699999999999998, -0.029977499999999997, 0.049713333333300004, 1.5347200000000001, 0.20132666666700003, -0.094776666666699996, 1.1409100000000001, -0.04614, -0.65822999999999998, 0.54563249999999996, 0.032217500000000003, 4.5, 2.7816999999999998, 4.5, 0.19911999999999999], "prediccion": [0.53666758169940987, 0.065766785714285708, 0.55474303030302707, -0.080468014705882371, 0.061338114754152434, 0.14880961240325352, -0.18763727272727265, 0.34181319047618286, 0.58378555555555522, 0.10999966216216221, 0.39673589999999992, 0.73006843749999673, 0.34926900793650006, 0.41622961538461534, 0.068957387820511473, 0.83888274509823513, 0.24370496212126058, 0.89583906746043596, 0.81673266908212327, 0.41631828787884739, 0.45254413145553818, 1.2837183152173919, 0.52982442857142864, 0.15243745024875083, 0.094263502824857612, 0.49720579166666273, 0.49589986111111123, 0.41815406250031245, 0.73778500000000002, 0.18752772727271522, 0.16419621212120905, 0.52228981481481496, 0.29683651515150905, 0.47397846153846152, 0.39923946428571444, 0.011491049382707407, 0.23778032407419264, 0.30661799999999995, 0.28911970238094636, 0.9788531111114217, 0.70593743827159994, 0.65749906250000001, 0.63296337777782019, 1.0854179166666655, 0.95347886494258449, 1.683919567901234, 0.56131595238095, 0.47115416666666671, 0.81144617187499979, 0.79669004464285698, 0.37104593390809837, 0.26368475260416258, 0.18209505952380714, 0.58541869658127965, 0.43911769125704919, 0.46180632575757274, 1.5868965104167687, 0.60653675641025373, 0.37449416666666663, 0.37445781249999993, 0.60653675641025373, 0.58701003086425152, 0.35610463541665638, 0.87279803571444159, 0.86123647058861774, 0.3352516049382665, 0.80668006329117892, 0.7808965962441734, 0.20344524999998495, 0.1864595, 0.34917297619047616, 0.23350853233840299, 0.47676836021504837, 0.68298356292520168, 0.52278907142865982, 0.51822240338168535, 0.13378838141025001, 0.51302474999999004, 0.094263502824857612, 0.67780385416676869, 0.39208970833349827, 0.93832952272736347, 0.90670389240509974, 0.88232831439408799, 1.5019824333333325, 0.23536839646464547, 0.6881232407408111, 0.6186024348959358, 0.51925596618357206, 0.71073846153846154, 0.126156875, 0.36832880952452152, 0.50515252032536595, 0.50998464285720602, 0.3464090151515295, 0.26899545454545454, 0.74550828125000002, 2.1532873275862077, 0.28216514254398684, 0.096422999999999939, 0.6308147619047616, 0.48329569767441155, 0.52426152173913054, 0.48421033854166573, 0.98330768055566631, 0.90298580645171878, 0.85190297348507049, 0.71469364583333117, 0.81514611538466308, 0.40851194444452765, 0.18101926470594509, 0.71854374053052938, 0.11626117816091727, 0.084053380952378756, 0.4855214000000001, 0.77260744791708102, 0.23689072695048727, 0.45684788461538461, 0.47438466666666657, 0.42858916666666658, 0.89837918181818099, -0.00013275362290869801, 0.48421033854166573, 0.98700424242484097, 0.353210625, -0.19909354166666671, 0.49550994186046282, 0.34500166666666665, 4.3090777777777776, 2.7816999999999998, 4.3090777777777776, 0.38555019841269522]}