{"real": [1.00925, -0.20554, 0.79501999999999995, 0.40510000000000002, -0.48627500000000001, 0.42953999999999998, -0.91178999999999999, -0.0059800000000000001, 1.0386500000000001, -0.43889499999999998, 0.86876000000000009, 0.41020000000000001, 0.19108, 0.33979999999999999, -0.492925, 0.17762999999999998, 0.40834999999999999, 1.63663, 0.802705, 0.52033999999999991, -0.17733499999999999, 2.0064000000000002, 0.59904999999999997, -0.040039999999999999, 0.14960999999999999, 1.2115750000000001, -0.19985999999999998, 0.050000000000000003, 0.099849999999999994, 0.30701000000000001, 0.42953999999999998, 0.41020000000000001, 0.37994, 1.2079799999999998, -0.20979499999999998, -0.59419500000000003, 0.10395, 0.59389999999999998, -0.04999, 0.27010000000000001, 0.19991, 0.23810000000000001, 0.051189999999999999, 1.7203950000000001, 0.28906999999999999, 2.4115000000000002, 0.52112499999999995, 0.33979999999999999, 0.32392500000000002, 0.11015, 0.19991, 0.12762999999999999, 0.40834999999999999, -0.04999, -0.19985999999999998, -0.04999, 1.95245, 0.0, 0.86876000000000009, 0.19955999999999999, 0.32392500000000002, 0.0, 0.0, 0.990815, 1.5238366666700001, -0.04614, 0.52983000000000002, 1.4572725, -0.079020000000000007, 0.78220000000000001, 0.17760000000000001, -0.19061, 0.83722999999999992, 0.082710000000000006, -0.079020000000000007, 0.19911999999999999, -0.079020000000000007, -0.062350000000000003, 0.1079, -0.041005, -0.014980000000000002, 1.36154, 1.5024825000000002, 0.58779999999999999, 2.1520999999999999, 0.14377000000000001, 0.042799999999999998, 0.087013333333299997, -0.012556666666700002, 0.0, 0.23995, 0.19911999999999999, 0.69127666666700005, 0.078285000000000007, -0.25493000000000005, 0.29858666666700001, 0.25935999999999998, 2.9629599999999998, -0.14511250000000001, -0.41020000000000001, -0.030349999999999999, 0.012383333333299999, 0.89307000000000003, 0.26882, 1.6774875, 0.52098999999999995, 0.99927999999999995, 0.59899333333299998, 0.55796999999999997, 0.056399999999999999, -0.19030999999999998, -0.014980000000000002, -0.13309000000000001, -0.50638000000000005, -0.0288075, 0.25123000000000001, 0.031914999999999999, 0.069699999999999998, -0.029977499999999997, 0.049713333333300004, 1.5347200000000001, 0.20132666666700003, -0.094776666666699996, 1.1409100000000001, -0.04614, -0.65822999999999998, 0.54563249999999996, 0.032217500000000003, 4.5, 2.7816999999999998, 4.5, 0.19911999999999999], "prediccion": [0.9871762159666102, -0.19171775407547695, 0.78263177387906857, 0.39147179308150953, -0.4602493183258492, 0.4280728195580808, -0.86676574653408966, 0.0074670797229242549, 1.0243502281879002, -0.41693850507295172, 0.86134890959175081, 0.42487388381453434, 0.20360014362233525, 0.35247309199061444, -0.48076397371167323, 0.17656310302023484, 0.40086891166513144, 1.6189382718322105, 0.79763181148639184, 0.51147173144220259, -0.15773596582402513, 1.9534994432933503, 0.6015706622629069, -0.037019956894815936, 0.14899613295171862, 1.1790563888456742, -0.17926129997132728, 0.057084468840488553, 0.10448792812149278, 0.3093918281705948, 0.43091754752595396, 0.43613972914702603, 0.38413339459245233, 1.1827700717746923, -0.19840111452651438, -0.57399125598274436, 0.10708802946969691, 0.58139408891426492, -0.039604704369926871, 0.28118813858375413, 0.20403783405022441, 0.23981037710718359, 0.06313137210788447, 1.6729088139757382, 0.29455363564674542, 2.3528538560388612, 0.51976909433361385, 0.36334542797418612, 0.32588043406565659, 0.14099233554012322, 0.20562703351150399, 0.13075220130822141, 0.41463737904741904, -0.031449797018097449, -0.17723548750000001, -0.031311364053731507, 1.9206984935886651, 0.024584951290684557, 0.86481072441133566, 0.21962732226010129, 0.33210510708894492, 0.0075890661391695606, 0.010792787890712936, 0.96711151753367353, 1.4870083456745289, -0.015657927168910551, 0.53217334409371464, 1.4293331896225059, -0.071668543196602735, 0.76213298073854496, 0.17487457655443372, -0.17323483682659926, 0.82345340166736825, 0.090780635005565047, -0.064308523372614737, 0.19704041216470258, -0.067231328449072605, -0.052179490739337961, 0.11025505664417749, -0.017314866191077929, 0.015880752286729072, 1.3486382472986815, 1.4638761189807818, 0.59173017143518547, 2.0932310518382442, 0.14657034902325708, 0.049599859646223966, 0.089085519584704093, -0.00044609736044175799, 0.014809585856481754, 0.23731500395552854, 0.19799850295173982, 0.67399648859109329, 0.078521339754489314, -0.22970398345117629, 0.2938746664446269, 0.2713430476501123, 2.8803102528156561, -0.13973486529040308, -0.39122856880892204, -0.0013528753864704736, 0.031703142697780004, 0.88468598118406461, 0.27419399120300192, 1.6407246861335589, 0.54605459972502757, 0.98432609689955053, 0.59144770213281472, 0.54750210988636483, 0.0662980968142311, -0.17335399799889861, -0.0013829643742987606, -0.11921776164453214, -0.47648665816328412, -0.016608543218994964, 0.25196289290474355, 0.035055108518519833, 0.091502784362247208, -0.0086378523028820212, 0.049670047750389169, 1.4963308221485705, 0.2138847402451321, -0.06587617125423896, 1.1277059007028625, -0.016343650239195224, -0.58448525501332682, 0.57427510149622663, 0.053709458843394432, 4.3787250490993275, 2.7678210634792366, 4.3806520090060337, 0.20130922178240837]}