Performance,Mean,STD,Variance,MAX,MIN
R_Score,0.687603593267,0.0347089590748,0.00120471184006,0.711513043187,0.538705471574
