Performance,Mean,STD,Variance,MAX,MIN
R_Score,-7.06127184612,52.0169302682,2705.76103452,1.0,-390.047372352
