{"Spearman": 0.99861399446044108, "R_Score": 0.99714776800883875, "Pearson": 0.99907677430556585, "Kendalltau": 0.97547066341808153}