Performance,Mean,STD,Variance,MAX,MIN
R_Score,-1.73985505365,15.8265838476,250.480756285,1.0,-117.435932698
