{"Spearman": 0.99834432774142867, "R_Score": 0.99669257855418047, "Pearson": 0.99834491963157856, "Kendalltau": 0.9874975835365486}