Performance,Mean,STD,Variance,MAX,MIN
Accuracy,0.987145792304,0.0363715041983,0.00132288631765,1.0,0.768356562137
Recall,0.983291637911,0.0490347789573,0.00240440954739,1.0,0.700264550265
Precision,0.997581811958,0.0101905456924,0.000103847221508,1.0,0.941438757321
F1,0.989628276782,0.0298927961876,0.000893579263912,1.0,0.801823339781
