{"header": ["D", "N"], "fiabilidad": [100.0, 99.173553719008268], "matrix": [[99.264705882352942, 0.73529411764705876], [0.0, 100.0]], "bakanosidad": [99.264705882352942, 100.0]}