{"Recall": 0.99173553719008267, "Accuracy": 0.99609375, "Precision": 1.0, "F1": 0.99585062240663902}