{"Spearman": 1.0, "R_Score": 0.99999875113044612, "Pearson": 0.99999953678689191, "Kendalltau": 0.99999999999999978}