Performance,Mean,STD,Variance,MAX,MIN
R_Score,-5.44893667745,43.1219597387,1859.50341171,1.0,-319.807967284
