{"Spearman": 0.69331145321285625, "R_Score": 0.74545565017634319, "Pearson": 0.88678666553401908, "Kendalltau": 0.52125623793244402}