{"real": [1.00925, -0.20554, 0.79501999999999995, 0.40510000000000002, -0.48627500000000001, 0.42953999999999998, -0.91178999999999999, -0.0059800000000000001, 1.0386500000000001, -0.43889499999999998, 0.86876000000000009, 0.41020000000000001, 0.19108, 0.33979999999999999, -0.492925, 0.17762999999999998, 0.40834999999999999, 1.63663, 0.802705, 0.52033999999999991, -0.17733499999999999, 2.0064000000000002, 0.59904999999999997, -0.040039999999999999, 0.14960999999999999, 1.2115750000000001, -0.19985999999999998, 0.050000000000000003, 0.099849999999999994, 0.30701000000000001, 0.42953999999999998, 0.41020000000000001, 0.37994, 1.2079799999999998, -0.20979499999999998, -0.59419500000000003, 0.10395, 0.59389999999999998, -0.04999, 0.27010000000000001, 0.19991, 0.23810000000000001, 0.051189999999999999, 1.7203950000000001, 0.28906999999999999, 2.4115000000000002, 0.52112499999999995, 0.33979999999999999, 0.32392500000000002, 0.11015, 0.19991, 0.12762999999999999, 0.40834999999999999, -0.04999, -0.19985999999999998, -0.04999, 1.95245, 0.0, 0.86876000000000009, 0.19955999999999999, 0.32392500000000002, 0.0, 0.0, 0.990815, 1.5238366666700001, -0.04614, 0.52983000000000002, 1.4572725, -0.079020000000000007, 0.78220000000000001, 0.17760000000000001, -0.19061, 0.83722999999999992, 0.082710000000000006, -0.079020000000000007, 0.19911999999999999, -0.079020000000000007, -0.062350000000000003, 0.1079, -0.041005, -0.014980000000000002, 1.36154, 1.5024825000000002, 0.58779999999999999, 2.1520999999999999, 0.14377000000000001, 0.042799999999999998, 0.087013333333299997, -0.012556666666700002, 0.0, 0.23995, 0.19911999999999999, 0.69127666666700005, 0.078285000000000007, -0.25493000000000005, 0.29858666666700001, 0.25935999999999998, 2.9629599999999998, -0.14511250000000001, -0.41020000000000001, -0.030349999999999999, 0.012383333333299999, 0.89307000000000003, 0.26882, 1.6774875, 0.52098999999999995, 0.99927999999999995, 0.59899333333299998, 0.55796999999999997, 0.056399999999999999, -0.19030999999999998, -0.014980000000000002, -0.13309000000000001, -0.50638000000000005, -0.0288075, 0.25123000000000001, 0.031914999999999999, 0.069699999999999998, -0.029977499999999997, 0.049713333333300004, 1.5347200000000001, 0.20132666666700003, -0.094776666666699996, 1.1409100000000001, -0.04614, -0.65822999999999998, 0.54563249999999996, 0.032217500000000003, 4.5, 2.7816999999999998, 4.5, 0.19911999999999999], "prediccion": [0.41269662487046777, 0.062218440656562991, 0.49236837233168962, 0.017345165340067203, 0.10682875434345131, 0.4656384710478802, -0.14977616049382714, 0.2867974922839463, 0.51089780555596298, 0.014109265206402285, 0.49678874424196406, 0.71538402627481978, 0.28099391882194596, 0.53075707855475651, 0.014345756928256617, 0.61604233620677284, 0.16454187573408188, 0.92333193513493361, 0.89172087856884319, 0.29853129198468986, 0.30519312896826262, 1.2994452451300367, 0.53221110561612528, 0.14927933682058167, 0.11880161384679878, 0.47247340927816039, 0.38867948290124305, 0.46420169089934832, 0.49697625254626271, 0.23320688174851548, 0.2613967313218446, 0.74136643456625062, 0.60195460042498417, 0.63683402085783614, 0.26885767129629307, 0.0071293872418073364, 0.22786440586420728, 0.3502410346111054, 0.21630010721789228, 0.83494169117668715, 0.61888290226682863, 0.65418517190695191, 0.73947072118708312, 1.0297689288470333, 0.82465747512172516, 1.6587461960187422, 0.77941932844252815, 0.55817977112135175, 0.74093405081934505, 0.7432171996818141, 0.51016936808477487, 0.30802142734204246, 0.40750979309905766, 0.37513490417175072, 0.30878246241537011, 0.42306666803727655, 1.4069299126089412, 0.62408977420402867, 0.36415088355962477, 0.48985192251467985, 0.73417651681286478, 0.52719043422636769, 0.44933040577939504, 0.53669911580327945, 0.82560539734864635, 0.20982323888891274, 0.79179891286381066, 0.831009457571808, 0.053073935425684393, 0.27556943191026267, 0.18695239676788297, 0.29026239642093349, 0.40148381981226611, 0.39417692165915996, 0.40695649802311035, 0.3853973332404324, 0.18686192672697818, 0.38216337121237376, 0.056595166870192004, 0.59751348809523819, 0.35167433279904037, 1.2875015476191269, 1.3487562483662352, 0.76512864448096851, 1.4779534034187625, 0.32011846847596409, 0.61021990206585064, 0.66516899524917961, 0.38744157407406177, 0.44650568800285062, 0.14767697691199613, 0.19423040752383566, 0.47601547332101785, 0.31901045525422966, 0.34065247549018923, 0.22345281547618243, 0.93323035683317235, 2.1611238086350539, 0.17803640343914715, 0.07709853808928567, 0.53160074321845718, 0.3936151875593436, 0.4771540815059403, 0.59630171383322172, 0.91748342697981, 0.93523641826169568, 0.90646666525170838, 0.58709620814518704, 0.5457240843102843, 0.33081583874475212, 0.1341843757666536, 0.62599953517988638, 0.058839383394390009, 0.023131564407809696, 0.27150343475324018, 0.63463372086539271, 0.12327471379686855, 0.5007256372914386, 0.37645470370370887, 0.22424104797980646, 0.88730919841403244, 0.05887071330595859, 0.39096400913444102, 0.91600055555555004, 0.32564895728301629, -0.19503175000000664, 0.53823531565656368, 0.40403121182585938, 4.3949927777777775, 2.8712840922441853, 4.3523762103174599, 0.40222225167903564]}