Performance,Mean,STD,Variance,MAX,MIN
R_Score,0.710606848203,0.0335901103004,0.00112829551,0.753524877436,0.610636249871
