Performance,Mean,STD,Variance,MAX,MIN
Accuracy,0.59750264038,0.150521853067,0.0226568282508,1.0,0.485829959514
Recall,0.550141776938,0.17594506534,0.0309566660175,1.0,0.313043478261
Precision,0.668900862435,0.149376374985,0.0223133014036,1.0,0.49218372017
F1,0.562880802859,0.163982432357,0.0268902381217,1.0,0.412167135461
