{"Spearman": 0.99993825618304122, "R_Score": 0.99999965438973093, "Pearson": 0.99999991350819151, "Kendalltau": 0.9992276002966981}