Performance,Mean,STD,Variance,MAX,MIN
R_Score,-3.03541509094,25.7623574385,663.699060791,1.0,-190.830239873
