Performance,Mean,STD,Variance,MAX,MIN
Accuracy,0.988464634531,0.0324202881006,0.00105107508053,1.0,0.798739130435
Recall,0.982548309179,0.0519776723513,0.00270167842306,1.0,0.766666666667
Precision,0.988492534036,0.0400297295221,0.00160237924562,1.0,0.673333333333
F1,0.983993363364,0.0446288706511,0.00199173609559,1.0,0.755304928989
