{"Spearman": 0.99951250301788508, "R_Score": 0.99999974493968413, "Pearson": 0.99999993991695024, "Kendalltau": 0.99686355735541898}