{"real": [-2.79, -0.56000000000000005, -2.0699999999999998, -2.0299999999999998, -0.52000000000000002, 1.3999999999999999, -0.41999999999999998, -0.82999999999999996, -0.34000000000000002, -1.53, -1.1299999999999999, -1.0600000000000001, -2.1000000000000001, -0.34000000000000002, -1.25, -0.59999999999999998, 0.51000000000000001, -2.7999999999999998, -0.68000000000000005, -0.59999999999999998, 0.51000000000000001, -2.7999999999999998, -0.68000000000000005, -0.34000000000000002, -2.79, -0.56000000000000005, -2.0699999999999998, -2.0299999999999998, -0.52000000000000002, 1.3999999999999999, -0.41999999999999998, -0.82999999999999996, -0.34000000000000002, -1.53, -1.1299999999999999, -1.0600000000000001, -2.1000000000000001, -0.34000000000000002, -1.25, -0.59999999999999998, 0.51000000000000001, -2.7999999999999998, -0.68000000000000005, -2.79, -0.56000000000000005, -2.0699999999999998, -2.0299999999999998, -0.52000000000000002, 1.3999999999999999, -0.41999999999999998, -0.82999999999999996, -0.34000000000000002, -1.53, -1.1299999999999999, -1.0600000000000001, -2.1000000000000001, -0.34000000000000002, -1.25, -0.59999999999999998, 0.51000000000000001, -2.7999999999999998, -0.68000000000000005, -2.79, -0.56000000000000005, -2.0699999999999998, -2.0299999999999998, -0.52000000000000002, 1.3999999999999999, -0.41999999999999998, -0.82999999999999996, -0.34000000000000002, -1.53, -1.1299999999999999, -1.0600000000000001, -2.1000000000000001, -0.34000000000000002, -1.25, -0.59999999999999998, 0.51000000000000001, -2.7999999999999998, -0.68000000000000005, -2.79, -0.56000000000000005, -2.0699999999999998, -2.0299999999999998, -0.52000000000000002, 1.3999999999999999, -0.41999999999999998, -0.82999999999999996, -0.34000000000000002, -1.53, -1.1299999999999999, -1.0600000000000001, -2.1000000000000001, -0.34000000000000002, -1.25, -0.59999999999999998, 0.51000000000000001, -2.7999999999999998, -0.68000000000000005, -1.25, -2.79, -0.59999999999999998, -0.56000000000000005, 0.51000000000000001, -2.0699999999999998, -2.0299999999999998, -0.52000000000000002, 1.3999999999999999, -0.41999999999999998, -2.7999999999999998, -0.68000000000000005, -0.82999999999999996, -0.34000000000000002, -1.53, -1.1299999999999999, -1.0600000000000001, -2.1000000000000001, -0.34000000000000002], "prediccion": [-2.788752573500493, -0.56005141717695284, -2.0692581376260648, -2.0295278358610922, -0.51990328435303468, 1.3991183636165154, -0.41911693342486295, -0.83006111508743374, -0.34005631807027115, -1.5299837749832199, -1.1304630865774306, -1.0597882145834132, -2.0991717997663875, -0.34012383945950164, -1.2504297705147212, -0.6001485268056288, 0.50982546941938844, -2.799543705609528, -0.6802181866031991, -0.6001485268056288, 0.50982546941938844, -2.799543705609528, -0.6802181866031991, -0.34012383945950164, -2.788752573500493, -0.56005141717695284, -2.0692581376260648, -2.0295278358610922, -0.51990328435303468, 1.3991183636165154, -0.41911693342486295, -0.83006111508743374, -0.34005631807027115, -1.5299837749832199, -1.1304630865774306, -1.0597882145834132, -2.0991717997663875, -0.34012383945950164, -1.2504297705147212, -0.6001485268056288, 0.50982546941938844, -2.799543705609528, -0.6802181866031991, -2.788752573500493, -0.56005141717695284, -2.0692581376260648, -2.0295278358610922, -0.51990328435303468, 1.3991183636165154, -0.41911693342486295, -0.83006111508743374, -0.34005631807027115, -1.5299837749832199, -1.1304630865774306, -1.0597882145834132, -2.0991717997663875, -0.34012383945950164, -1.2504297705147212, -0.6001485268056288, 0.50982546941938844, -2.799543705609528, -0.6802181866031991, -2.788752573500493, -0.56005141717695284, -2.0692581376260648, -2.0295278358610922, -0.51990328435303468, 1.3991183636165154, -0.41911693342486295, -0.83006111508743374, -0.34005631807027115, -1.5299837749832199, -1.1304630865774306, -1.0597882145834132, -2.0991717997663875, -0.34012383945950164, -1.2504297705147212, -0.6001485268056288, 0.50982546941938844, -2.799543705609528, -0.6802181866031991, -2.788752573500493, -0.56005141717695284, -2.0692581376260648, -2.0295278358610922, -0.51990328435303468, 1.3991183636165154, -0.41911693342486295, -0.83006111508743374, -0.34005631807027115, -1.5299837749832199, -1.1304630865774306, -1.0597882145834132, -2.0991717997663875, -0.34012383945950164, -1.2504297705147212, -0.6001485268056288, 0.50982546941938844, -2.799543705609528, -0.6802181866031991, -1.2504297705147212, -2.788752573500493, -0.6001485268056288, -0.56005141717695284, 0.50982546941938844, -2.0692581376260648, -2.0295278358610922, -0.51990328435303468, 1.3991183636165154, -0.41911693342486295, -2.799543705609528, -0.6802181866031991, -0.83006111508743374, -0.34005631807027115, -1.5299837749832199, -1.1304630865774306, -1.0597882145834132, -2.0991717997663875, -0.34012383945950164]}