Performance,Mean,STD,Variance,MAX,MIN
R_Score,-4.91333222112,40.1234091873,1609.88796481,1.0,-297.447559941
