Performance,Mean,STD,Variance,MAX,MIN
Accuracy,0.993859678688,0.0218126619919,0.000475792223172,1.0,0.763100775194
Recall,0.994473821648,0.0236752311044,0.000560516567846,1.0,0.714714714715
Precision,0.998180437082,0.00589731023823,3.4778268046e-05,1.0,0.9786628734
F1,0.996118545162,0.0146665619873,0.000215108040528,1.0,0.832819411918
