Performance,Mean,STD,Variance,MAX,MIN
R_Score,0.999997109053,2.42896822171e-06,5.89988662206e-12,1.0,0.999994056932
