{"Spearman": 0.99699094044009873, "R_Score": 0.99339351093900952, "Pearson": 0.99699775616930308, "Kendalltau": 0.9632727261120525}