mean,std,max,min
43.8499999998,0.0,43.8499999998,43.8499999998
36.8749999994,0.0,36.8749999994,36.8749999994
37.5499999989,0.0,37.5499999989,37.5499999989
37.5499999989,0.0,37.5499999989,37.5499999989
37.5499999992,0.0,37.5499999992,37.5499999992
