{"header": ["D", "N"], "fiabilidad": [71.111111111111114, 57.851239669421481], "matrix": [[65.306122448979593, 34.693877551020407], [35.779816513761467, 64.22018348623854]], "bakanosidad": [65.306122448979593, 64.22018348623854]}