{"Recall": 0.57851239669421484, "Accuracy": 0.6484375, "Precision": 0.64220183486238536, "F1": 0.60869565217391308}