{"Recall": 0.90909090909090906, "Accuracy": 0.94999999999999996, "Precision": 1.0, "F1": 0.95238095238095233}