Performance,Mean,STD,Variance,MAX,MIN
Accuracy,0.76571978022,0.156189804115,0.0243952549095,1.0,0.384820512821
Recall,0.897504638219,0.166241692976,0.0276363004835,1.0,0.0666666666667
Precision,0.758459950498,0.173471995888,0.0300925333573,1.0,0.115789473684
F1,0.805587375251,0.157561599771,0.0248256577226,1.0,0.0909090909091
