{"header": ["YES", "NO"], "fiabilidad": [65.217391304347828, 82.35294117647058], "matrix": [[83.333333333333343, 16.666666666666664], [36.363636363636367, 63.636363636363633]], "bakanosidad": [83.333333333333343, 63.636363636363633]}