{"Recall": 0.82352941176470584, "Accuracy": 0.72499999999999998, "Precision": 0.63636363636363635, "F1": 0.71794871794871795}